strain	date	country	HA_clade	NA_clade	genotype	county
A/swine/Belgium/Faimes-628/2010	2010-12-14	Belgium	1C.2.1	N1.EA	H1avN1#A	out
A/swine/Belgium/Gent-05/2019	2019-09-01	Belgium	1C.2.1	N1.EA	H1avN1#A	out
A/swine/Belgium/Gent-150/2016	2016-09-01	Belgium	1C.2.1	N1.EA	H1avN1#A	out
A/swine/Belgium/Gent-196/2018	2018-09-01	Belgium	1C.2.1	N1.EA	H1avN1#A	out
A/swine/Belgium/Poperinge-387/2011	2011-08-25	Belgium	1C.2.1	N1.EA	H1avN1#A	out
A/Swine/Belzig/02/2001	2001-XX-XX	Germany	1C.2.1	N1.EA	H1avN1#A	out
A/swine/Borken/21107/2014	2014-12-10	Germany	1C.2.2	N1.EA	H1avN1#C	out
A/swine/Bothenheilingen/13765-3/2011	2011-08-14	Germany	1C.2.2	N1.EA	H1avN1#C	out
A/swine/Denmark/10-25261/2011	2011-XX-XX	Denmark	1C.2.1	N1.EA	H1avN1#B	out
A/swine/Denmark/201410-24-1p1/2014	2014-XX-XX	Denmark	1C.2	N2.Gent	H1avN2#G	out
A/swine/Denmark/201505758-1p1/2015	2015-XX-XX	Denmark	1C.2	N2.Gent	H1avN2#H	out
A/swine/Denmark/201508913-3p1/2015	2015-XX-XX	Denmark	1C.2.4	N2.Gent	H1avN2#E	out
A/swine/Denmark/201616258-1p1/2016	2016-XX-XX	Denmark	1C.2.4	N2.Gent	H1avN2#E	out
A/swine/Denmark/201616851-1p1/2016	2016-XX-XX	Denmark	1C.2	N2.Gent	H1avN2#G	out
A/swine/Denmark/201618041p1/2016	2016-XX-XX	Denmark	1C.2	N2.Gent	H1avN2#G	out
A/swine/Denmark/2016284-1p1/2016	2016-XX-XX	Denmark	1C.2.4	N2.Gent	H1avN2#F	out
A/swine/Denmark/201711806-2_2p1/2017	2017-XX-XX	Denmark	1C.2.4	N2.Gent	H1avN2#E	out
A/swine/Denmark/201712241_1p1/2017	2017-XX-XX	Denmark	1C.2.4	N2.Gent	H1avN2#E	out
A/swine/Denmark/201713525-2_2p1/2017	2017-XX-XX	Denmark	1C.2	N2.Gent	H1avN2#H	out
A/swine/Denmark/201721783_3p1/2017	2017-XX-XX	Denmark	1C.2.4	N2.Gent	H1avN2#E	out
A/swine/Denmark/201813990-1_1p1/2018	2018-XX-XX	Denmark	1C.2	N2.Gent	H1avN2#G	out
A/swine/Denmark/201816865-1_1p1/2018	2018-XX-XX	Denmark	1C.2	N2.Gent	H1avN2#G	out
A/swine/Denmark/201829912_1p1/2018	2018-XX-XX	Denmark	1C.2.4	N2.Gent	H1avN2#F	out
A/swine/Denmark/2018455-1_1p1/2018	2018-XX-XX	Denmark	1C.2	N2.Gent	H1avN2#H	out
A/swine/Dinklage/20995/2014	2014-11-26	Germany	1C.2	N2.Gent	H1avN2#G	out
A/swine/Ellerbrock/18558/2013	2013-09-09	Germany	1C.2.4	N2.Gent	H1avN2#E	out
A/swine/Engelsberg/9321/2009	2009-03-27	Germany	1C.2.2	N1.EA	H1avN1#C	out
A/swine/England/024079/2013	2013-08-21	England	1C.2.2	N1.EA	H1avN1#C	out
A/swine/Finnistere/800/2004	2004-10-01	France	1C.2.1	N1.EA	?	out
A/swine/France/01-130054/2013	2013-01-22	France	1C.2.2	N1.EA	H1avN1#C	out
A/swine/France/01-130145/2013	2013-04-08	France	1C.2.2	N1.EA	H1avN1#C	out
A/swine/France/01-140489/2014	2014-11-24	France	1C.2.1	N1.EA	H1avN1#A	out
A/swine/France/01-160099/2016	2016-02-02	France	1C.2.1	N1.EA	H1avN1#A	out
A/swine/France/01-170070/2017	2017-02-26	France	1C.2.1	N1.EA	H1avN1#A	out
A/swine/France/01-180027/2018	2018-01-17	France	1C.2.1	N1.EA	H1avN1#A	out
A/swine/France/01-180255/2018	2018-05-02	France	1C.2.1	N1.EA	H1avN1#A	out
A/swine/France/01-180274/2018	2018-05-16	France	1C.2.1	N1.EA	H1avN1#A	out
A/swine/France/01-200024/2020	2020-01-17	France	1C.2.1	N1.EA	H1avN1#A	AIN (1)
A/swine/France/01-220092-2/2022	2022-02-16	France	1C.2.2	N1.EA	H1avN1#C	AIN (1)
A/swine/France/01-220342-1/2022	2022-04-22	France	1C.2.1	N1.EA	?	AIN (1)
A/swine/France/01-220413-3/2022	2022-05-29	France	1C.2.2	N1.EA	H1avN1#C	AIN (1)
A/swine/France/05-150198/2015	2015-04-28	France	1C.2.1	N1.EA	H1avN1#A	out
A/swine/France/05-200058/2020	2020-02-20	France	1C.2.1	N1.EA	H1avN1#A	HAUTES-ALPES (5)
A/swine/France/05-220082-3/2022	2022-02-11	France	1C.2.4	N2.Gent	H1avN2#E	HAUTES-ALPES (5)
A/swine/France/12-180371/2018	2018-09-02	France	1C.2.1	N1.EA	H1avN1#A	out
A/swine/France/12-180474/2018	2018-10-14	France	1C.2.1	N1.EA	H1avN1#A	out
A/swine/France/12-200170/2020	2020-04-29	France	1C.2.1	N1.EA	H1avN1#A	AVEYRON (12)
A/swine/France/15-220077-2/2022	2022-01-26	France	1C.2.1	N1.EA	H1avN1#A	CANTAL (15)
A/swine/France/16-180487/2018	2018-10-26	France	1C.2.1	N1.EA	H1avN1#A	out
A/swine/France/22-110529/2011	2011-02-07	France	1C.2.1	N2.Scot	H1avN2#A	out
A/swine/France/22-120146/2012	2012-04-16	France	1C.2.1	N1.EA	H1avN1#A	out
A/swine/France/22-120340/2012	2012-10-08	France	1C.2.1	N1.EA	H1avN1#A	out
A/swine/France/22-160079/2016	2016-01-26	France	1C.2.1	N1.EA	H1avN1#A	out
A/swine/France/22-170027/2017	2017-01-23	France	1C.2.1	N1.EA	H1avN1#A	out
A/swine/France/22-170089/2017	2017-03-21	France	1C.2.1	N1.EA	H1avN1#A	out
A/swine/France/22-170192/2017	2017-08-09	France	1C.2.1	N1.EA	H1avN1#A	out
A/swine/France/22-170307/2017	2017-11-20	France	1C.2.1	N1.EA	H1avN1#A	out
A/swine/France/22-180008/2018	2018-01-02	France	1C.2.1	N1.EA	H1avN1#A	out
A/swine/France/22-180017/2018	2018-01-10	France	1C.2.1	N1.EA	H1avN1#A	out
A/swine/France/22-180018/2018	2018-01-02	France	1C.2.1	N1.EA	H1avN1#A	out
A/swine/France/22-180323/2018	2018-06-28	France	1C.2.1	N1.EA	H1avN1#A	out
A/swine/France/22-190050/2019	2019-01-30	France	1C.2.1	N1.EA	H1avN1#A	COTES-D'ARMOR (22)
A/swine/France/22-190080/2019	2019-02-20	France	1C.2.1	N1.EA	H1avN1#A	COTES-D'ARMOR (22)
A/swine/France/22-190099/2019	2019-03-13	France	1C.2.1	N1.EA	H1avN1#A	COTES-D'ARMOR (22)
A/swine/France/22-190109/2019	2019-03-20	France	1C.2.1	N1.EA	H1avN1#A	COTES-D'ARMOR (22)
A/swine/France/22-190177/2019	2019-04-27	France	1C.2.4	N2.Gent	H1avN2#F	COTES-D'ARMOR (22)
A/swine/France/22-190475/2019	2019-09-19	France	1C.2.1	N1.EA	H1avN1#A	COTES-D'ARMOR (22)
A/swine/France/22-190491/2019	2019-08-22	France	1C.2.4	N2.Gent	H1avN2#F	COTES-D'ARMOR (22)
A/swine/France/22-190536/2019	2019-10-24	France	1C.2.1	N1.EA	H1avN1#A	COTES-D'ARMOR (22)
A/swine/France/22-200009-2/2019	2019-12-30	France	1C.2.1	N1.EA	H1avN1#A	COTES-D'ARMOR (22)
A/swine/France/22-200062/2020	2020-01-30	France	1C.2.1	N1.EA	H1avN1#A	COTES-D'ARMOR (22)
A/swine/France/22-200113/2020	2020-05-06	France	1C.2.4	N2.Gent	H1avN2#E	COTES-D'ARMOR (22)
A/swine/France/22-200168/2020	2020-05-05	France	1C.2.4	N2.Gent	H1avN2#F	COTES-D'ARMOR (22)
A/swine/France/22-200171/2020	2020-04-15	France	1C.2.4	N2.Gent	H1avN2#E	COTES-D'ARMOR (22)
A/swine/France/22-200173/2020	2020-06-09	France	1C.2.4	N2.Gent	H1avN2#E	COTES-D'ARMOR (22)
A/swine/France/22-200175/2020	2020-06-09	France	1C.2.4	N2.Gent	H1avN2#E	COTES-D'ARMOR (22)
A/swine/France/22-200176/2020	2020-06-08	France	1C.2.4	N2.Gent	H1avN2#E	COTES-D'ARMOR (22)
A/swine/France/22-200177/2020	2020-06-11	France	1C.2.4	N2.Gent	H1avN2#E	COTES-D'ARMOR (22)
A/swine/France/22-200207/2020	2020-06-12	France	1C.2.4	N2.Gent	H1avN2#E	COTES-D'ARMOR (22)
A/swine/France/22-200210/2020	2020-07-07	France	1C.2.4	N2.Gent	H1avN2#E	COTES-D'ARMOR (22)
A/swine/France/22-200212/2020	2020-07-09	France	1C.2.4	N2.Gent	H1avN2#E	COTES-D'ARMOR (22)
A/swine/France/22-200213/2020	2020-07-11	France	1C.2.4	N2.Gent	H1avN2#E	COTES-D'ARMOR (22)
A/swine/France/22-200215/2020	2020-07-14	France	1C.2.4	N2.Gent	H1avN2#E	COTES-D'ARMOR (22)
A/swine/France/22-200227/2020	2020-06-09	France	1C.2.4	N2.Gent	H1avN2#E	COTES-D'ARMOR (22)
A/swine/France/22-200228/2020	2020-06-11	France	1C.2.4	N2.Gent	H1avN2#E	COTES-D'ARMOR (22)
A/swine/France/22-200229/2020	2020-06-25	France	1C.2.4	N2.Gent	H1avN2#E	COTES-D'ARMOR (22)
A/swine/France/22-200230/2020	2020-06-17	France	1C.2.4	N2.Gent	H1avN2#F	COTES-D'ARMOR (22)
A/swine/France/22-200232/2020	2020-06-15	France	1C.2.1	N2.Scot	H1avN2#A	COTES-D'ARMOR (22)
A/swine/France/22-200235/2020	2020-07-18	France	1C.2.4	N2.Gent	H1avN2#E	COTES-D'ARMOR (22)
A/swine/France/22-200236/2020	2020-07-18	France	1C.2.4	N2.Gent	H1avN2#E	COTES-D'ARMOR (22)
A/swine/France/22-200237/2020	2020-07-20	France	1C.2.4	N2.Gent	H1avN2#E	COTES-D'ARMOR (22)
A/swine/France/22-200239/2020	2020-07-19	France	1C.2.4	N2.Gent	H1avN2#E	COTES-D'ARMOR (22)
A/swine/France/22-200241/2020	2020-07-19	France	1C.2.4	N2.Gent	H1avN2#E	COTES-D'ARMOR (22)
A/swine/France/22-200242/2020	2020-07-24	France	1C.2.4	N2.Gent	H1avN2#E	COTES-D'ARMOR (22)
A/swine/France/22-200249/2020	2020-07-28	France	1C.2.4	N2.Gent	H1avN2#E	COTES-D'ARMOR (22)
A/swine/France/22-200255/2020	2020-07-29	France	1C.2.4	N2.Gent	H1avN2#E	COTES-D'ARMOR (22)
A/swine/France/22-200258/2020	2020-08-02	France	1C.2.4	N2.Gent	H1avN2#E	COTES-D'ARMOR (22)
A/swine/France/22-200260/2020	2020-08-01	France	1C.2.4	N2.Gent	H1avN2#E	COTES-D'ARMOR (22)
A/swine/France/22-200269/2020	2020-07-25	France	1C.2.4	N2.Gent	H1avN2#E	COTES-D'ARMOR (22)
A/swine/France/22-200278/2020	2020-06-04	France	1C.2.4	N2.Gent	H1avN2#E	COTES-D'ARMOR (22)
A/swine/France/22-200281/2020	2020-06-14	France	1C.2.4	N2.Gent	H1avN2#E	COTES-D'ARMOR (22)
A/swine/France/22-200283/2020	2020-06-16	France	1C.2.4	N2.Gent	H1avN2#E	COTES-D'ARMOR (22)
A/swine/France/22-200286/2020	2020-05-31	France	1C.2.4	N2.Gent	H1avN2#E	COTES-D'ARMOR (22)
A/swine/France/22-200290/2020	2020-07-25	France	1C.2.1	N1.EA	H1avN1#A	COTES-D'ARMOR (22)
A/swine/France/22-200322/2020	2020-05-24	France	1C.2.4	N2.Gent	H1avN2#E	COTES-D'ARMOR (22)
A/swine/France/22-200325/2020	2020-06-16	France	1C.2.4	N2.Gent	H1avN2#E	COTES-D'ARMOR (22)
A/swine/France/22-200382-2/2020	2020-10-15	France	1C.2.4	N2.Gent	H1avN2#E	COTES-D'ARMOR (22)
A/swine/France/22-200413/2020	2020-06-22	France	1C.2.4	N2.Gent	H1avN2#E	COTES-D'ARMOR (22)
A/swine/France/22-200435-1/2020	2020-11-09	France	1C.2.4	N2.Gent	H1avN2#E	COTES-D'ARMOR (22)
A/swine/France/22-200436-2/2020	2020-11-09	France	1C.2.4	N2.Gent	H1avN2#E	COTES-D'ARMOR (22)
A/swine/France/22-200439-3/2020	2020-11-10	France	1C.2.1	N1.EA	H1avN1#A	COTES-D'ARMOR (22)
A/swine/France/22-200454-1/2020	2020-07-18	France	1C.2.4	N2.Gent	H1avN2#E	COTES-D'ARMOR (22)
A/swine/France/22-200456-2/2020	2020-07-07	France	1C.2.4	N2.Gent	H1avN2#E	COTES-D'ARMOR (22)
A/swine/France/22-200486-1/2020	2020-07-19	France	1C.2.4	N2.Gent	H1avN2#E	COTES-D'ARMOR (22)
A/swine/France/22-200505-2/2020	2020-12-10	France	1C.2.4	N2.Gent	H1avN2#E	COTES-D'ARMOR (22)
A/swine/France/22-210030-2/2020	2020-12-29	France	1C.2.4	N2.Gent	H1avN2#E	COTES-D'ARMOR (22)
A/swine/France/22-210039-1/2020	2020-12-02	France	1C.2.4	N2.Gent	H1avN2#E	COTES-D'ARMOR (22)
A/swine/France/22-210042-1/2020	2020-12-09	France	1C.2.4	N2.Gent	H1avN2#E	COTES-D'ARMOR (22)
A/swine/France/22-210061-2/2021	2021-01-06	France	1C.2.1	N1.EA	H1avN1#B	COTES-D'ARMOR (22)
A/swine/France/22-210061-5/2021	2021-01-06	France	1C.2.1	N1.EA	?	COTES-D'ARMOR (22)
A/swine/France/22-210119-1/2020	2020-12-14	France	1C.2.4	N2.Gent	H1avN2#E	COTES-D'ARMOR (22)
A/swine/France/22-210139-3/2021	2021-02-10	France	1C.2.1	N1.EA	?	COTES-D'ARMOR (22)
A/swine/France/22-210232-2/2021	2021-01-18	France	1C.2.4	N2.Gent	H1avN2#E	COTES-D'ARMOR (22)
A/swine/France/22-210234-2/2021	2021-01-20	France	1C.2.4	N2.Gent	H1avN2#E	COTES-D'ARMOR (22)
A/swine/France/22-210252-1/2021	2021-01-27	France	1C.2.4	N2.Gent	?	COTES-D'ARMOR (22)
A/swine/France/22-210267-4/2021	2021-04-10	France	1C.2.4	N2.Gent	H1avN2#E	COTES-D'ARMOR (22)
A/swine/France/22-210295-4/2021	2021-04-28	France	1C.2.4	N2.Gent	H1avN2#E	COTES-D'ARMOR (22)
A/swine/France/22-210301-6/2021	2021-02-17	France	1C.2.4	N2.Gent	H1avN2#E	COTES-D'ARMOR (22)
A/swine/France/22-210305-1/2021	2021-03-17	France	1C.2.4	N2.Gent	H1avN2#E	COTES-D'ARMOR (22)
A/swine/France/22-210309-2/2021	2021-02-25	France	1C.2.1	N1.EA	H1avN1#A	COTES-D'ARMOR (22)
A/swine/France/22-210311-1/2021	2021-03-20	France	1C.2.4	N2.Gent	H1avN2#E	COTES-D'ARMOR (22)
A/swine/France/22-210317-2/2021	2021-03-21	France	1C.2.4	N2.Gent	H1avN2#E	COTES-D'ARMOR (22)
A/swine/France/22-210323-1/2021	2021-05-07	France	1C.2.1	N1.EA	H1avN1#A	COTES-D'ARMOR (22)
A/swine/France/22-210348-2/2021	2021-05-11	France	1C.2.4	N2.Gent	?	COTES-D'ARMOR (22)
A/swine/France/22-210399-2/2021	2021-04-08	France	1C.2.4	N2.Gent	H1avN2#E	COTES-D'ARMOR (22)
A/swine/France/22-210404-4/2021	2021-04-16	France	1C.2.1	N1.EA	H1avN1#A	COTES-D'ARMOR (22)
A/swine/France/22-210427-3/2021	2021-08-10	France	1C.2.4	N2.Gent	H1avN2#E	COTES-D'ARMOR (22)
A/swine/France/22-210427-4/2021	2021-08-10	France	1C.2.1	N1.EA	H1avN1#A	COTES-D'ARMOR (22)
A/swine/France/22-210437-1/2021	2021-08-24	France	1C.2.4	N2.Gent	H1avN2#E	COTES-D'ARMOR (22)
A/swine/France/22-210446-1/2021	2021-05-29	France	1C.2.4	N2.Gent	H1avN2#E	COTES-D'ARMOR (22)
A/swine/France/22-210477-2/2021	2021-07-23	France	1C.2.4	N2.Gent	H1avN2#E	COTES-D'ARMOR (22)
A/swine/France/22-210481-2/2021	2021-08-27	France	1C.2.1	N1.EA	H1avN1#A	COTES-D'ARMOR (22)
A/swine/France/22-210505-3/2021	2021-10-11	France	1C.2.4	N2.Gent	H1avN2#E	COTES-D'ARMOR (22)
A/swine/France/22-210512-5/2021	2021-10-22	France	1C.2.4	N2.Gent	H1avN2#E	COTES-D'ARMOR (22)
A/swine/France/22-210541-19/2021	2021-11-30	France	1C.2.4	N2.Gent	H1avN2#E	COTES-D'ARMOR (22)
A/swine/France/22-220035-1/2021	2021-11-24	France	1C.2.4	N2.Gent	H1avN2#E	COTES-D'ARMOR (22)
A/swine/France/22-220119-1/2022	2022-01-17	France	1C.2.4	N2.Gent	H1avN2#E	COTES-D'ARMOR (22)
A/swine/France/22-220174-1/2022	2022-01-31	France	1C.2.1	N1.EA	H1avN1#A	COTES-D'ARMOR (22)
A/swine/France/22-220332-1/2022	2022-04-27	France	1C.2.1	N1.EA	H1avN1#A	COTES-D'ARMOR (22)
A/swine/France/22-220451-1/2022	2022-06-01	France	1C.2.4	N2.Gent	H1avN2#E	COTES-D'ARMOR (22)
A/swine/France/22-220524-1/2022	2022-08-10	France	1C.2.1	N1.EA	H1avN1#A	COTES-D'ARMOR (22)
A/swine/France/22-220525-2/2022	2022-08-10	France	1C.2.4	N2.Gent	H1avN2#E	COTES-D'ARMOR (22)
A/swine/France/22-220545-2/2022	2022-09-13	France	1C.2.1	N1.EA	H1avN1#A	COTES-D'ARMOR (22)
A/swine/France/22-220664-1/2022	2022-09-21	France	1C.2.1	N1.EA	?	COTES-D'ARMOR (22)
A/swine/France/22-220666-1/2022	2022-10-03	France	1C.2.4	N2.Gent	H1avN2#E	COTES-D'ARMOR (22)
A/Sw/France/22-230181-1/2022	2023-01-26	France	1C.2.4	N2.Gent	H1avN2#E	COTES-D'ARMOR (22)
A/swine/France/24-170162/2017	2017-06-01	France	1C.2.1	N1.EA	H1avN1#A	out
A/swine/France/24-200063/2020	2020-01-14	France	1C.2.1	N1.EA	H1avN1#A	DORDOGNE (24)
A/swine/France/24-200492/2020	2020-11-30	France	1C.2	N2.Gent	H1avN2#H	DORDOGNE (24)
A/Sw/France/24-230094-2/2022	2022-11-09	France	1C.2	N2.Gent	H1avN2#I	DORDOGNE (24)
A/swine/France/27-220375-5/2022	2022-03-12	France	1C.2.4	N2.Gent	H1avN2#E	EURE (27)
A/swine/France/28-200135/2020	2020-05-20	France	1C.2.4	N2.Gent	H1avN2#E	EURE-ET-LOIR (28)
A/swine/France/28-200396/2020	2020-05-27	France	1C.2.1	N1.EA	H1avN1#A	EURE-ET-LOIR (28)
A/swine/France/28-210405-2/2021	2021-04-21	France	1C.2.4	N2.Gent	?	EURE-ET-LOIR (28)
A/swine/France/29-120326/2012	2012-08-07	France	1C.2.1	N1.EA	H1avN1#A	out
A/swine/France/29-130398/2013	2013-10-24	France	1C.2.1	N1.EA	H1avN1#A	out
A/swine/France/29-150341/2015	2015-10-06	France	1C.2.1	N1.EA	H1avN1#A	out
A/swine/France/29-160215/2016	2016-06-07	France	1C.2.1	N1.EA	H1avN1#A	out
A/swine/France/29-160250/2016	2016-06-22	France	1C.2.1	N1.EA	H1avN1#A	out
A/swine/France/29-160311/2016	2016-09-01	France	1C.2.1	N1.EA	H1avN1#A	out
A/swine/France/29-160352/2016	2016-09-27	France	1C.2.1	N1.EA	H1avN1#A	out
A/swine/France/29-170114/2017	2017-04-02	France	1C.2.1	N1.EA	H1avN1#A	out
A/swine/France/29-170197/2017	2017-08-02	France	1C.2.1	N1.EA	H1avN1#A	out
A/swine/France/29-170306/2017	2017-11-21	France	1C.2.1	N1.EA	H1avN1#A	out
A/swine/France/29-180035/2018	2018-01-23	France	1C.2.1	N1.EA	H1avN1#A	out
A/swine/France/29-180202/2018	2018-04-08	France	1C.2.1	N1.EA	H1avN1#A	out
A/swine/France/29-190437/2019	2019-08-01	France	1C.2.1	N1.EA	H1avN1#A	FINISTERE (29)
A/swine/France/29-190487/2019	2019-06-05	France	1C.2.1	N1.EA	H1avN1#A	FINISTERE (29)
A/swine/France/29-190493/2019	2019-09-19	France	1C.2.1	N1.EA	H1avN1#A	FINISTERE (29)
A/swine/France/29-190500/2019	2019-10-07	France	1C.2.1	N1.EA	H1avN1#A	FINISTERE (29)
A/swine/France/29-190501/2019	2019-10-15	France	1C.2.1	N1.EA	H1avN1#A	FINISTERE (29)
A/swine/France/29-190539/2019	2019-10-30	France	1C.2.1	N1.EA	H1avN1#A	FINISTERE (29)
A/swine/France/29-190583/2019	2019-12-10	France	1C.2.1	N1.EA	H1avN1#A	FINISTERE (29)
A/swine/France/29-200104/2020	2020-03-19	France	1C.2.1	N1.EA	H1avN1#A	FINISTERE (29)
A/swine/France/29-200133/2020	2020-05-19	France	1C.2.4	N2.Gent	H1avN2#E	FINISTERE (29)
A/swine/France/29-200185/2020	2020-06-12	France	1C.2.4	N2.Gent	H1avN2#E	FINISTERE (29)
A/swine/France/29-200188/2020	2020-06-16	France	1C.2.4	N2.Gent	H1avN2#E	FINISTERE (29)
A/swine/France/29-200252/2020	2020-07-26	France	1C.2.4	N2.Gent	H1avN2#E	FINISTERE (29)
A/swine/France/29-200254/2020	2020-07-31	France	1C.2.4	N2.Gent	H1avN2#E	FINISTERE (29)
A/swine/France/29-200263/2020	2020-06-04	France	1C.2.4	N2.Gent	H1avN2#E	FINISTERE (29)
A/swine/France/29-200264/2020	2020-08-05	France	1C.2.4	N2.Gent	H1avN2#E	FINISTERE (29)
A/swine/France/29-200272/2020	2020-08-31	France	1C.2.1	N1.EA	H1avN1#A	FINISTERE (29)
A/swine/France/29-200272-1/2020	2020-07-22	France	1C.2.1	N1.EA	H1avN1#A	FINISTERE (29)
A/swine/France/29-200324/2020	2020-06-12	France	1C.2.4	N2.Gent	H1avN2#E	FINISTERE (29)
A/swine/France/29-200383-3/2020	2020-07-19	France	1C.2.4	N2.Gent	H1avN2#E	FINISTERE (29)
A/swine/France/29-200400-1/2020	2020-09-15	France	1C.2.1	N1.EA	H1avN1#A	FINISTERE (29)
A/swine/France/29-200472-1/2020	2020-06-19	France	1C.2.4	N2.Gent	H1avN2#E	FINISTERE (29)
A/swine/France/29-200507-2/2020	2020-12-15	France	1C.2.4	N2.Gent	H1avN2#E	FINISTERE (29)
A/swine/France/29-210041-1/2020	2020-12-02	France	1C.2.4	N2.Gent	H1avN2#E	FINISTERE (29)
A/swine/France/29-210268-6/2021	2021-04-13	France	1C.2.1	N1.EA	H1avN1#D	FINISTERE (29)
A/swine/France/29-210403-2/2021	2021-04-23	France	1C.2.4	N2.Gent	?	FINISTERE (29)
A/swine/France/29-210413-3/2021	2021-07-02	France	1C.2.1	N1.EA	H1avN1#A	FINISTERE (29)
A/swine/France/29-210414-4/2021	2021-07-03	France	1C.2.1	N1.EA	?	FINISTERE (29)
A/swine/France/29-210451-2/2021	2021-06-03	France	1C.2.4	N2.Gent	H1avN2#E	FINISTERE (29)
A/swine/France/29-210515-1/2021	2021-10-29	France	1C.2.4	N2.Gent	H1avN2#E	FINISTERE (29)
A/swine/France/29-210536-7/2021	2021-11-23	France	1C.2.1	N1.EA	H1avN1#A	FINISTERE (29)
A/swine/France/29-220033-8/2022	2022-01-18	France	1C.2.4	N2.Gent	H1avN2#E	FINISTERE (29)
A/swine/France/29-220173-1/2022	2022-01-18	France	1C.2.4	N2.Gent	H1avN2#E	FINISTERE (29)
A/swine/France/29-220506-7/2022	2022-07-29	France	1C.2.4	N2.Gent	H1avN2#E	FINISTERE (29)
A/swine/France/29-220615-2/2022	2022-09-23	France	1C.2.4	N2.Gent	H1avN2#E	FINISTERE (29)
A/swine/France/29-220685-3/2022	2022-12-01	France	1C.2.4	N2.Gent	H1avN2#E	FINISTERE (29)
A/swine/France/29-220698-2/2022	2022-11-08	France	1C.2.4	N2.Gent	H1avN2#E	FINISTERE (29)
A/swine/France/33-220648-3/2022	2022-10-03	France	1C.2.1	N1.EA	H1avN1#A	GIRONDE (33)
A/swine/France/33-220699-2/2022	2022-11-03	France	1C.2.1	N1.EA	H1avN1#A	GIRONDE (33)
A/swine/France/35-160126/2016	2016-02-24	France	1C.2.1	N1.EA	H1avN1#A	out
A/swine/France/35-160197/2016	2016-05-17	France	1C.2.1	N1.EA	H1avN1#A	out
A/swine/France/35-160395/2016	2016-11-29	France	1C.2.1	N1.EA	H1avN1#A	out
A/swine/France/35-170233/2017	2017-09-10	France	1C.2.1	N1.EA	H1avN1#A	out
A/swine/France/35-180318/2018	2018-06-17	France	1C.2.1	N1.EA	H1avN1#A	out
A/swine/France/35-190039/2018	2018-12-10	France	1C.2.1	N2.Scot	H1avN2#A	out
A/swine/France/35-190107/2019	2019-03-23	France	1C.2.1	N1.EA	H1avN1#A	ILLE-ET-VILAINE (35)
A/swine/France/35-190212/2019	2019-05-13	France	1C.2.1	N1.EA	H1avN1#A	ILLE-ET-VILAINE (35)
A/swine/France/35-200008/2019	2019-12-16	France	1C.2.1	N1.EA	H1avN1#A	ILLE-ET-VILAINE (35)
A/swine/France/35-200052/2020	2020-02-18	France	1C.2.4	N2.Gent	H1avN2#E	ILLE-ET-VILAINE (35)
A/swine/France/35-200154/2020	2020-06-03	France	1C.2.4	N2.Gent	H1avN2#E	ILLE-ET-VILAINE (35)
A/swine/France/35-200154-1/2020	2020-06-03	France	1C.2.4	N2.Gent	H1avN2#E	ILLE-ET-VILAINE (35)
A/swine/France/35-200203/2020	2020-05-27	France	1C.2.1	N1.EA	H1avN1#A	ILLE-ET-VILAINE (35)
A/swine/France/35-200206/2020	2020-06-09	France	1C.2.4	N2.Gent	H1avN2#E	ILLE-ET-VILAINE (35)
A/swine/France/35-200238/2020	2020-07-19	France	1C.2.4	N2.Gent	H1avN2#E	ILLE-ET-VILAINE (35)
A/swine/France/35-200251/2020	2020-07-30	France	1C.2.4	N2.Gent	H1avN2#E	ILLE-ET-VILAINE (35)
A/swine/France/35-200270/2020	2020-07-24	France	1C.2.4	N2.Gent	H1avN2#E	ILLE-ET-VILAINE (35)
A/swine/France/35-200271/2020	2020-07-23	France	1C.2.4	N2.Gent	H1avN2#E	ILLE-ET-VILAINE (35)
A/swine/France/35-200275/2020	2020-07-22	France	1C.2.4	N2.Gent	H1avN2#E	ILLE-ET-VILAINE (35)
A/swine/France/35-200279/2020	2020-06-03	France	1C.2.1	N1.EA	H1avN1#A	ILLE-ET-VILAINE (35)
A/swine/France/35-200295/2020	2020-07-29	France	1C.2.4	N2.Gent	H1avN2#E	ILLE-ET-VILAINE (35)
A/swine/France/35-200298/2020	2020-07-22	France	1C.2.4	N2.Gent	H1avN2#E	ILLE-ET-VILAINE (35)
A/swine/France/35-200299/2020	2020-07-25	France	1C.2.4	N2.Gent	H1avN2#E	ILLE-ET-VILAINE (35)
A/swine/France/35-200300/2020	2020-07-27	France	1C.2.4	N2.Gent	H1avN2#E	ILLE-ET-VILAINE (35)
A/swine/France/35-200332/2020	2020-07-20	France	1C.2.4	N2.Gent	H1avN2#E	ILLE-ET-VILAINE (35)
A/swine/France/35-200425-2/2020	2020-11-02	France	1C.2.4	N2.Gent	H1avN2#E	ILLE-ET-VILAINE (35)
A/swine/France/35-200437-1/2020	2020-11-10	France	1C.2.4	N2.Gent	H1avN2#E	ILLE-ET-VILAINE (35)
A/swine/France/35-200438-2/2020	2020-11-10	France	1C.2.4	N2.Gent	H1avN2#E	ILLE-ET-VILAINE (35)
A/swine/France/35-200469-2/2020	2020-07-11	France	1C.2.4	N2.Gent	H1avN2#E	ILLE-ET-VILAINE (35)
A/swine/France/35-200470-2/2020	2020-11-25	France	1C.2.4	N2.Gent	H1avN2#E	ILLE-ET-VILAINE (35)
A/swine/France/35-200508-2/2020	2020-12-10	France	1C.2.4	N2.Gent	H1avN2#E	ILLE-ET-VILAINE (35)
A/swine/France/35-210040-1/2020	2020-11-06	France	1C.2.4	N2.Gent	H1avN2#E	ILLE-ET-VILAINE (35)
A/swine/France/35-210062-6/2021	2021-01-11	France	1C.2.4	N2.Gent	?	ILLE-ET-VILAINE (35)
A/swine/France/35-210089-3/2021	2021-01-18	France	1C.2.4	N2.Gent	H1avN2#E	ILLE-ET-VILAINE (35)
A/swine/France/35-210129-2/2021	2021-01-12	France	1C.2.4	N2.Gent	H1avN2#E	ILLE-ET-VILAINE (35)
A/swine/France/35-210140-1/2021	2021-02-14	France	1C.2.4	N2.Gent	H1avN2#E	ILLE-ET-VILAINE (35)
A/swine/France/35-210165-4/2021	2021-02-21	France	1C.2.4	N2.Gent	H1avN2#E	ILLE-ET-VILAINE (35)
A/swine/France/35-210254-2/2021	2021-01-27	France	1C.2.4	N2.Gent	H1avN2#E	ILLE-ET-VILAINE (35)
A/swine/France/35-210370-1/2021	2021-05-21	France	1C.2.4	N2.Gent	H1avN2#E	ILLE-ET-VILAINE (35)
A/swine/France/35-210402-2/2021	2021-04-10	France	1C.2.4	N2.Gent	H1avN2#E	ILLE-ET-VILAINE (35)
A/swine/France/35-210500-1/2021	2021-08-19	France	1C.2.1	N1.EA	H1avN1#A	ILLE-ET-VILAINE (35)
A/swine/France/35-210501-6/2021	2021-10-04	France	1C.2.4	N2.Gent	H1avN2#E	ILLE-ET-VILAINE (35)
A/swine/France/35-210518-1/2021	2021-09-07	France	1C.2.1	N1.EA	H1avN1#A	ILLE-ET-VILAINE (35)
A/swine/France/35-210519-2/2021	2021-09-01	France	1C.2.4	N2.Gent	H1avN2#E	ILLE-ET-VILAINE (35)
A/swine/France/35-220447-3/2022	2022-06-17	France	1C.2.1	N1.EA	H1avN1#A	ILLE-ET-VILAINE (35)
A/swine/France/35-220448-3/2022	2022-06-28	France	1C.2.4	N2.Gent	H1avN2#E	ILLE-ET-VILAINE (35)
A/swine/France/37-120345/2012	2012-10-17	France	1C.2.1	N2.Scot	H1avN2#A	out
A/swine/France/37-220188-1/2022	2022-03-15	France	1C.2.4	N2.Gent	H1avN2#E	INDRE-ET-LOIRE (37)
A/swine/France/41-120137/2012	2012-01-10	France	1C.2.1	N1.EA	H1avN1#A	out
A/swine/France/44-180495/2018	2018-11-29	France	1C.2.1	N1.EA	H1avN1#A	out
A/swine/France/44-200018/2020	2020-01-21	France	1C.2.1	N1.EA	H1avN1#A	LOIRE-ATLANTIQUE (44)
A/swine/France/44-200139/2020	2020-04-20	France	1C.2.4	N2.Gent	H1avN2#E	LOIRE-ATLANTIQUE (44)
A/swine/France/44-200384-2/2020	2020-10-19	France	1C.2.4	N2.Gent	H1avN2#E	LOIRE-ATLANTIQUE (44)
A/swine/France/44-200423-1/2020	2020-07-18	France	1C.2.4	N2.Gent	H1avN2#E	LOIRE-ATLANTIQUE (44)
A/swine/France/44-200460-3/2020	2020-11-16	France	1C.2.4	N2.Gent	H1avN2#E	LOIRE-ATLANTIQUE (44)
A/swine/France/44-200510-2/2020	2020-07-23	France	1C.2.4	N2.Gent	H1avN2#E	LOIRE-ATLANTIQUE (44)
A/swine/France/44-200512-1/2020	2020-07-22	France	1C.2.4	N2.Gent	H1avN2#E	LOIRE-ATLANTIQUE (44)
A/swine/France/44-220189-1/2022	2022-03-23	France	1C.2.4	N2.Gent	H1avN2#E	LOIRE-ATLANTIQUE (44)
A/swine/France/49-180429/2018	2018-10-14	France	1C.2.1	N1.EA	H1avN1#A	out
A/swine/France/49-200216/2020	2020-07-14	France	1C.2.4	N2.Gent	H1avN2#E	MAINE-ET-LOIRE (49)
A/swine/France/49-200353-3/2020	2020-10-06	France	1C.2.4	N2.Gent	H1avN2#E	MAINE-ET-LOIRE (49)
A/swine/France/49-200490-3/2020	2020-11-27	France	1C.2.4	N2.Gent	H1avN2#E	MAINE-ET-LOIRE (49)
A/swine/France/49-210490-1/2021	2021-09-21	France	1C.2.4	N2.Gent	H1avN2#E	MAINE-ET-LOIRE (49)
A/swine/France/49-220101-1/2022	2022-02-22	France	1C.2.4	N2.Gent	H1avN2#E	MAINE-ET-LOIRE (49)
A/swine/France/49-230070-3/2022	2022-12-29	France	1C.2.4	N2.Gent	H1avN2#E	MAINE-ET-LOIRE (49)
A/swine/France/50-120350/2012	2012-10-09	France	1C.2.1	N1.EA	H1avN1#A	out
A/swine/France/50-130337/2013	2013-09-17	France	1C.2.1	N1.EA	H1avN1#A	out
A/swine/France/50-170323/2017	2017-12-14	France	1C.2.1	N1.EA	H1avN1#A	out
A/swine/France/50-190058/2019	2019-01-22	France	1C.2.1	N1.EA	H1avN1#A	MANCHE (50)
A/swine/France/50-190161/2019	2019-04-12	France	1C.2.1	N1.EA	H1avN1#A	MANCHE (50)
A/swine/France/50-190453/2019	2019-08-29	France	1C.2.1	N1.EA	H1avN1#A	MANCHE (50)
A/swine/France/50-190466/2019	2019-09-04	France	1C.2.1	N1.EA	H1avN1#A	MANCHE (50)
A/swine/France/50-190476/2019	2019-09-09	France	1C.2.1	N1.EA	H1avN1#A	MANCHE (50)
A/swine/France/50-190548/2019	2019-10-24	France	1C.2.1	N1.EA	H1avN1#A	MANCHE (50)
A/swine/France/50-200471-3/2020	2020-06-30	France	1C.2.4	N2.Gent	H1avN2#E	MANCHE (50)
A/swine/France/50-210307-1/2021	2021-03-12	France	1C.2.4	N2.Gent	H1avN2#E	MANCHE (50)
A/swine/France/50-210417-5/2021	2021-07-14	France	1C.2.4	N2.Gent	H1avN2#E	MANCHE (50)
A/swine/France/50-220084-2/2022	2022-02-07	France	1C.2.1	N1.EA	H1avN1#A	MANCHE (50)
A/swine/France/50-220669-3/2022	2022-11-18	France	1C.2.1	N1.EA	H1avN1#D	MANCHE (50)
A/swine/France/53-130065/2013	2013-01-22	France	1C.2.1	N1.EA	H1avN1#A	out
A/swine/France/53-160350/2016	2016-10-12	France	1C.2.1	N1.EA	H1avN1#A	out
A/swine/France/53-170144/2017	2017-05-14	France	1C.2.1	N1.EA	H1avN1#A	out
A/swine/France/53-180462/2018	2018-11-11	France	1C.2.1	N1.EA	H1avN1#A	out
A/swine/France/53-190488/2019	2019-06-17	France	1C.2.1	N1.EA	H1avN1#A	MAYENNE (53)
A/swine/France/53-190540/2019	2019-10-30	France	1C.2.1	N1.EA	H1avN1#D	MAYENNE (53)
A/swine/France/53-200134-1/2020	2020-05-19	France	1C.2.1	N1.EA	H1avN1#A	MAYENNE (53)
A/swine/France/53-200134-3/2020	2020-05-19	France	1C.2.4	N2.Gent	H1avN2#E	MAYENNE (53)
A/swine/France/53-200155/2020	2020-05-27	France	1C.2.4	N2.Gent	H1avN2#E	MAYENNE (53)
A/swine/France/53-210090-4/2021	2021-01-20	France	1C.2.4	N2.Gent	H1avN2#E	MAYENNE (53)
A/swine/France/53-210091-2/2021	2021-01-21	France	1C.2.4	N2.Gent	H1avN2#E	MAYENNE (53)
A/swine/France/53-210237-123/2021	2021-01-13	France	1C.2.4	N2.Gent	H1avN2#E	MAYENNE (53)
A/swine/France/53-210426-3/2021	2021-07-30	France	1C.2.4	N2.Gent	H1avN2#E	MAYENNE (53)
A/swine/France/53-220295-1/2022	2022-02-16	France	1C.2.1	N1.EA	H1avN1#D	MAYENNE (53)
A/swine/France/53-230071-5/2022	2022-11-22	France	1C.2.4	N2.Gent	H1avN2#E	MAYENNE (53)
A/swine/France/56-170084/2017	2017-03-13	France	1C.2.1	N1.EA	H1avN1#A	out
A/swine/France/56-170149/2017	2017-05-21	France	1C.2.1	N1.EA	H1avN1#A	out
A/swine/France/56-170177/2017	2017-05-24	France	1C.2.1	N1.EA	H1avN1#A	out
A/swine/France/56-170226/2017	2017-08-29	France	1C.2.1	N1.EA	H1avN1#A	out
A/swine/France/56-170294/2017	2017-11-13	France	1C.2.1	N1.EA	H1avN1#A	out
A/swine/France/56-180360/2018	2018-08-13	France	1C.2.1	N1.EA	H1avN1#A	out
A/swine/France/56-180424/2018	2018-10-22	France	1C.2.4	N2.Gent	H1avN2#F	out
A/swine/France/56-180472/2018	2018-11-16	France	1C.2.1	N1.EA	H1avN1#A	out
A/swine/France/56-190060/2019	2019-02-04	France	1C.2.1	N1.EA	H1avN1#A	MORBIHAN (56)
A/swine/France/56-190444/2019	2019-08-05	France	1C.2.1	N1.EA	H1avN1#A	MORBIHAN (56)
A/swine/France/56-200025/2020	2020-01-29	France	1C.2.1	N1.EA	H1avN1#A	MORBIHAN (56)
A/swine/France/56-200050/2020	2020-02-12	France	1C.2.4	N2.Gent	H1avN2#E	MORBIHAN (56)
A/swine/France/56-200112/2020	2020-05-06	France	1C.2.4	N2.Gent	H1avN2#E	MORBIHAN (56)
A/swine/France/56-200169/2020	2020-05-05	France	1C.2.4	N2.Gent	H1avN2#E	MORBIHAN (56)
A/swine/France/56-200201/2020	2020-04-23	France	1C.2.4	N2.Gent	H1avN2#E	MORBIHAN (56)
A/swine/France/56-200231/2020	2020-06-22	France	1C.2.4	N2.Gent	H1avN2#E	MORBIHAN (56)
A/swine/France/56-200256/2020	2020-08-02	France	1C.2.4	N2.Gent	H1avN2#E	MORBIHAN (56)
A/swine/France/56-200257/2020	2020-08-01	France	1C.2.4	N2.Gent	H1avN2#E	MORBIHAN (56)
A/swine/France/56-200259/2020	2020-08-02	France	1C.2.4	N2.Gent	H1avN2#E	MORBIHAN (56)
A/swine/France/56-200313/2020	2020-07-18	France	1C.2.1	N1.EA	H1avN1#B	MORBIHAN (56)
A/swine/France/56-200347/2020	2020-07-27	France	1C.2.4	N2.Gent	H1avN2#E	MORBIHAN (56)
A/swine/France/56-200441-3/2020	2020-11-12	France	1C.2.4	N2.Gent	H1avN2#E	MORBIHAN (56)
A/swine/France/56-210105-1/2021	2021-01-15	France	1C.2.1	N1.EA	H1avN1#A	MORBIHAN (56)
A/swine/France/56-210124-1/2021	2021-01-04	France	1C.2.1	N1.EA	H1avN1#A	MORBIHAN (56)
A/swine/France/56-210255-1/2021	2021-02-01	France	1C.2.4	N2.Gent	?	MORBIHAN (56)
A/swine/France/56-220533-3/2022	2022-08-31	France	1C.2.4	N2.Gent	H1avN2#E	MORBIHAN (56)
A/swine/France/56-220651-2/2022	2022-11-07	France	1C.2.4	N2.Gent	H1avN2#E	MORBIHAN (56)
A/swine/France/59-130174/2013	2013-04-15	France	1C.2.1	N1.EA	H1avN1#A	out
A/swine/France/59-170028/2017	2017-01-19	France	1C.2.1	N1.EA	H1avN1#A	out
A/swine/France/59-170121/2017	2017-04-24	France	1C.2.1	N1.EA	H1avN1#A	out
A/swine/France/59-170241/2017	2017-09-14	France	1C.2.1	N1.EA	H1avN1#A	out
A/swine/France/59-170345/2017	2017-12-18	France	1C.2.1	N1.EA	H1avN1#A	out
A/swine/France/59-180117/2018	2018-02-13	France	1C.2.1	N1.EA	H1avN1#A	out
A/swine/France/59-180359/2018	2018-08-09	France	1C.2.1	N1.EA	H1avN1#A	out
A/swine/France/59-180465/2018	2018-11-13	France	1C.2.1	N1.EA	H1avN1#A	out
A/swine/France/59-190568/2020	2020-11-11	France	1C.2.1	N1.EA	H1avN1#A	NORD (59)
A/swine/France/59-190581/2019	2019-11-26	France	1C.2.2	N1.EA	H1avN1#C	NORD (59)
A/swine/France/59-200121/2020	2020-03-25	France	1C.2	N2.Gent	H1avN2#G	NORD (59)
A/swine/France/59-210424-2/2021	2021-07-18	France	1C.2.1	N1.EA	H1avN1#A	NORD (59)
A/swine/France/59-220437-3/2022	2022-06-10	France	1C.2.2	N1.EA	H1avN1#C	NORD (59)
A/swine/France/59-220536-3/2022	2022-06-01	France	1C.2.2	N1.EA	H1avN1#C	NORD (59)
A/swine/France/61-140350/2014	2014-06-04	France	1C.2.1	N2.Scot	?	out
A/swine/France/61-150219/2015	2015-06-05	France	1C.2.1	N2.Scot	H1avN2#A	out
A/swine/France/62-150308/2015	2015-08-26	France	1C.2.1	N1.EA	H1avN1#A	out
A/swine/France/64-130454/2013	2013-12-18	France	1C.2.1	N1.EA	H1avN1#A	out
A/swine/France/64-140385/2014	2014-07-06	France	1C.2.1	N1.EA	H1avN1#A	out
A/swine/France/64-150152/2015	2015-03-23	France	1C.2.4	N2.Gent	H1avN2#E	out
A/swine/France/64-200317/2020	2020-07-12	France	1C.2.1	N1.EA	H1avN1#A	PYRENEES-ATLANTIQUES (64)
A/swine/France/64-200370-3/2020	2020-07-17	France	1C.2.1	N1.EA	H1avN1#A	PYRENEES-ATLANTIQUES (64)
A/swine/France/64-200385-2/2020	2020-10-21	France	1C.2.1	N1.EA	H1avN1#A	PYRENEES-ATLANTIQUES (64)
A/swine/France/64-210493-3/2021	2021-09-29	France	1C.2.1	N1.EA	H1avN1#A	PYRENEES-ATLANTIQUES (64)
A/swine/France/64-220661-4/2022	2022-11-21	France	1C.2.1	N1.EA	H1avN1#A	PYRENEES-ATLANTIQUES (64)
A/swine/France/65-150242/2015	2015-06-10	France	1C.2.4	N2.Gent	H1avN2#E	out
A/swine/France/69-160337/2016	2016-09-27	France	1C.2.1	N1.EA	H1avN1#A	out
A/swine/France/70-130144/2013	2013-03-27	France	1C.2.1	N1.EA	H1avN1#A	out
A/swine/France/72-150321/2015	2015-09-14	France	1C.2.1	N2.Scot	H1avN2#A	out
A/swine/France/72-160154/2016	2016-03-24	France	1C.2.1	N1.EA	H1avN1#A	out
A/swine/France/72-180053/2018	2018-01-29	France	1C.2.1	N1.EA	H1avN1#A	out
A/swine/France/72-180446/2018	2018-10-29	France	1C.2.1	N1.EA	H1avN1#A	out
A/swine/France/72-190321/2019	2019-05-28	France	1C.2.1	N1.EA	H1avN1#A	SARTHE (72)
A/swine/France/72-190455/2019	2019-08-29	France	1C.2.1	N1.EA	H1avN1#A	SARTHE (72)
A/swine/France/72-190574/2019	2019-11-19	France	1C.2.1	N1.EA	H1avN1#A	SARTHE (72)
A/swine/France/72-200205/2020	2020-06-05	France	1C.2.4	N2.Gent	H1avN2#E	SARTHE (72)
A/swine/France/72-200244/2020	2020-07-16	France	1C.2.4	N2.Gent	H1avN2#E	SARTHE (72)
A/swine/France/72-200277/2020	2020-06-06	France	1C.2.4	N2.Gent	H1avN2#E	SARTHE (72)
A/swine/France/72-200305/2020	2020-07-24	France	1C.2.4	N2.Gent	H1avN2#E	SARTHE (72)
A/swine/France/72-200318/2020	2020-07-21	France	1C.2.4	N2.Gent	H1avN2#E	SARTHE (72)
A/swine/France/72-200458-1/2020	2020-11-20	France	1C.2.1	N1.EA	H1avN1#A	SARTHE (72)
A/swine/France/72-200461-1/2020	2020-11-09	France	1C.2.4	N2.Gent	H1avN2#E	SARTHE (72)
A/swine/France/72-200462-2/2020	2020-07-02	France	1C.2.4	N2.Gent	H1avN2#E	SARTHE (72)
A/swine/France/72-210053-6/2021	2021-01-04	France	1C.2.4	N2.Gent	H1avN2#E	SARTHE (72)
A/swine/France/72-210055-1/2021	2021-01-11	France	1C.2.4	N2.Gent	H1avN2#E	SARTHE (72)
A/swine/France/72-210233-2/2021	2021-01-19	France	1C.2.4	N2.Gent	H1avN2#E	SARTHE (72)
A/swine/France/72-210508-1/2021	2021-10-12	France	1C.2.4	N2.Gent	H1avN2#E	SARTHE (72)
A/swine/France/72-210509-4/2021	2021-10-19	France	1C.2.4	N2.Gent	H1avN2#E	SARTHE (72)
A/swine/France/72-220016-1/2021	2021-12-27	France	1C.2.4	N2.Gent	H1avN2#E	SARTHE (72)
A/swine/France/72-220017-3/2022	2022-01-03	France	1C.2.4	N2.Gent	H1avN2#E	SARTHE (72)
A/swine/France/72-220656-1/2022	2022-11-08	France	1C.2.1	N1.EA	H1avN1#B	SARTHE (72)
A/swine/France/72-220656-3/2022	2022-11-08	France	1C.2.1	N1.EA	H1avN1#B	SARTHE (72)
A/swine/France/72-230004-2/2022	2022-12-20	France	1C.2.1	N1.EA	H1avN1#B	SARTHE (72)
A/swine/France/74-200117/2020	2020-03-04	France	1C.2.1	N1.EA	H1avN1#A	HAUTE-SAVOIE (74)
A/swine/France/76-210447-1/2021	2021-05-29	France	1C.2.4	N2.Gent	H1avN2#E	SEINE-MARITIME (76)
A/swine/France/79-140150/2014	2014-03-10	France	1C.2.1	N1.EA	H1avN1#A	out
A/swine/France/79-210184-5/2021	2021-03-03	France	1C.2.1	N1.EA	H1avN1#A	DEUX-SEVRES (79)
A/swine/France/79-210235-4/2021	2021-01-15	France	1C.2.4	N2.Gent	H1avN2#E	DEUX-SEVRES (79)
A/swine/France/80-220527-2/2022	2022-08-12	France	1C.2.2	N1.EA	H1avN1#C	SOMME (80)
A/swine/France/81-200304/2020	2020-07-19	France	1C.2.1	N1.EA	H1avN1#A	TARN (81)
A/swine/France/81-200474-1/2020	2020-10-15	France	1C.2.1	N1.EA	H1avN1#A	TARN (81)
A/swine/France/81-210264-4/2021	2021-03-03	France	1C.2.4	N2.Gent	?	TARN (81)
A/swine/France/81-220129-1/2022	2022-03-03	France	1C.2.1	N1.EA	H1avN1#A	TARN (81)
A/swine/France/82-200069/2020	2020-02-27	France	1C.2.1	N1.EA	H1avN1#A	TARN-ET-GARONNE (82)
A/swine/France/85-200222/2020	2020-07-14	France	1C.2.1	N1.EA	H1avN1#A	VENDEE (85)
A/swine/France/85-210258-1/2021	2021-03-24	France	1C.2.1	N1.EA	H1avN1#A	VENDEE (85)
A/swine/France/86-180497/2018	2018-12-13	France	1C.2.1	N1.EA	H1avN1#A	out
A/swine/France/86-210313-1/2021	2021-03-17	France	1C.2.1	N1.EA	H1avN1#A	VIENNE (86)
A/swine/France/86-210314-2/2021	2021-03-28	France	1C.2.1	N1.EA	H1avN1#A	VIENNE (86)
A/swine/France/89-150069/2015	2015-02-09	France	1C.2.2	N1.EA	H1avN1#C	out
A/swine/France/Cotes-d-Armor-0455/2011	2011-09-05	France	1C.2.1	N1.EA	H1avN1#A	out
A/swine/France/Finistere-0011/2011	2011-01-10	France	1C.2.1	N1.EA	H1avN1#A	out
A/swine/France/IIIeetVilaine-0187/2011	2011-04-06	France	1C.2.1	N1.EA	H1avN1#A	out
A/swine/France/IIIeetVilaine-0266/2011	2011-05-24	France	1C.2.1	N1.EA	H1avN1#A	out
A/swine/France/Ille-et-Vilaine-0115/2011	2011-02-01	France	1C.2.1	N1.EA	H1avN1#A	out
A/swine/France/LoireAtlantique-0405/2011	2011-07-01	France	1C.2.1	N1.EA	H1avN1#A	out
A/swine/France/Morbihan-0213/2011	2011-04-17	France	1C.2.1	N2.Scot	H1avN2#A	out
A/swine/France/Morbihan-0294/2011	2011-06-13	France	1C.2.1	N1.EA	H1avN1#A	out
A/swine/France/WVL8/1992	1992-XX-XX	France	1C.2.1	N1.EA	?	out
A/swine/Germany/R235/2013	2013-XX-XX	Germany	1C.2.2	N1.EA	H1avN1#C	out
A/swine/Germany-BB/siv-leipz11308/2009	2009-XX-XX	Germany	1C.2.2	N1.EA	H1avN1#C	out
A/swine/Germany-NI/R369/2009	2009-XX-XX	Germany	1C.2	N2.Gent	H1avN2#H	out
A/swine/Heiden/13820/2011	2011-08-24	Germany	1C.2.2	N1.EA	H1avN1#C	out
A/swine/Horstmar/19085/2013	2013-10-30	Germany	1C.2.4	N2.Gent	H1avN2#E	out
A/swine/Ille-et-Vilaine/1455/1999	1999-10-01	France	1C.2.1	N1.EA	?	out
A/swine/Italy/11643/2017	2017-12-18	Italy	1C.2.2	N1.EA	H1avN1#C	out
A/swine/Italy/34051/2019	2019-01-28	Italy	1C.2.2	N1.EA	H1avN1#C	out
A/swine/Italy/34288/2018	2018-08-22	Italy	1C.2.1	N1.EA	H1avN1#A	out
A/swine/Italy/38652/2019	2019-01-30	Italy	1C.2.1	N1.EA	H1avN1#A	out
A/swine/Italy/44482/2017	2017-03-13	Italy	1C.2.1	N1.EA	H1avN1#A	out
A/swine/Italy/58247/2020	2020-02-16	Italy	1C.2.1	N1.EA	H1avN1#A	out
A/swine/Italy/107012/2017	2017-12-22	Italy	1C.2.1	N1.EA	H1avN1#A	out
A/swine/Italy/112082/2017	2017-12-26	Italy	1C.2.1	N1.EA	H1avN1#A	out
A/swine/Italy/228721/2017	2017-01-02	Italy	1C.2	N2.Gent	H1avN2#G	out
A/swine/Italy/265041/2019	2019-07-30	Italy	1C.2.1	N1.EA	H1avN1#A	out
A/swine/Italy/269814/2013	2013-09-01	Italy	1C.2.1	N1.EA	H1avN1#A	out
A/swine/Italy/286630/2019	2019-08-21	Italy	1C.2	N2.Gent	H1avN2#G	out
A/swine/Italy/294170/2019	2019-08-28	Italy	1C.2.1	N2.Scot	H1avN2#A	out
A/swine/Italy/317814/2019	2019-09-17	Italy	1C.2.1	N1.EA	H1avN1#A	out
A/swine/Italy/347423/2020	2020-10-27	Italy	1C.2.1	N1.EA	H1avN1#A	out
A/swine/Italy/349779/2017	2017-04-20	Italy	1C.2.1	N1.EA	H1avN1#A	out
A/swine/Italy/351544/2017	2017-04-12	Italy	1C.2.1	N1.EA	H1avN1#A	out
A/swine/Italy/373197/2019	2019-10-29	Italy	1C.2	N2.Gent	H1avN2#G	out
A/swine/Italy/400317/2020	2020-12-07	Italy	1C.2.2	N1.EA	H1avN1#C	out
A/swine/Italy/400367/2020	2020-12-07	Italy	1C.2.4	N2.Gent	H1avN2#F	out
A/swine/Italy/428424/2019	2019-12-09	Italy	1C.2.1	N1.EA	H1avN1#A	out
A/swine/Italy/39576-2/2019	2019-02-01	Italy	1C.2.1	N1.EA	H1avN1#A	out
A/swine/Lohne/14425/2011	2011-12-14	Germany	1C.2.2	N1.EA	H1avN1#C	out
A/swine/Netherlands/Gent-193/2019	2019-09-24	Netherlands	1C.2.2	N1.EA	H1avN1#C	out
A/swine/Netherlands/Groenlo-37/2012	2012-01-20	Netherlands	1C.2.1	N1.EA	H1avN1#A	out
A/swine/Netherlands/Putten-60/2012	2012-02-04	Netherlands	1C.2.1	N1.EA	H1avN1#A	out
A/swine/OMS/2111/1995	1995-10-01	France	1C.2.1	N1.EA	?	out
A/swine/Poland/321/2012	2012-01-13	Poland	1C.2.2	N1.EA	H1avN1#C	out
A/swine/Poland/1744/2012	2012-05-20	Poland	1C.2.2	N1.EA	H1avN1#C	out
A/swine/Poland/006801/2013	2013-01-22	Poland	1C.2.2	N1.EA	H1avN1#C	out
A/swine/Rhede/21178/2015	2015-01-15	Germany	1C.2.1	N1.EA	H1avN1#A	out
A/swine/Scotland/034632/2012	2012-07-15	Scotland	1C.2.2	N1.EA	H1avN1#C	out
A/swine/Soest/21748/2015	2015-05-25	Germany	1C.2.1	N1.EA	H1avN1#A	out
A/swine/Spain/850/2016	2016-02-24	Spain	1C.2.2	N1.EA	H1avN1#C	out
A/swine/Wittmund/8498/2009	2009-01-11	Germany	1C.2.2	N1.EA	H1avN1#C	out
